<?xml version="1.0" encoding="UTF-8" standalone="yes"?>
<a:clrScheme xmlns:a="http://schemas.openxmlformats.org/drawingml/2006/main" name="Picanto Magic Violet"><a:dk1><a:srgbClr val="252D30"/></a:dk1><a:lt1><a:srgbClr val="FEFCFF"/></a:lt1><a:dk2><a:srgbClr val="545554"/></a:dk2><a:lt2><a:srgbClr val="FEFCFF"/></a:lt2><a:accent1><a:srgbClr val="A823AE"/></a:accent1><a:accent2><a:srgbClr val="D0CDD0"/></a:accent2><a:accent3><a:srgbClr val="BDBEBD"/></a:accent3><a:accent4><a:srgbClr val="ACAAAD"/></a:accent4><a:accent5><a:srgbClr val="9B999C"/></a:accent5><a:accent6><a:srgbClr val="545554"/></a:accent6><a:hlink><a:srgbClr val="A822AE"/></a:hlink><a:folHlink><a:srgbClr val="8B1C91"/></a:folHlink></a:clrScheme>